speakerName,speakerUID,attempt,detectedLatencyMilliseconds,peak,secondBestPeak,prominence,confidence,captureRMSBeforeProbe,captureRMSDuringA,captureRMSDuringB,capturePeakAmplitude,clippingCount,aCorrelationPeak,bCorrelationPeak,signedCombinedPeak,noiseFloorRMS,estimatedSNRdB,candidateNearSearchBoundary,searchRangeStart,searchRangeEnd,captureSliceStart,captureSliceEnd,peakScore,prominenceScore,minimumPeak,minimumConfidence,error,time,pid,run,candidateAcousticLatencyMs,level,runID,accepted,schedule_speakerIndex,schedule_speakerName,schedule_scheduledHostTime,schedule_microphoneSampleIndex,schedule_searchWindowStart,schedule_searchWindowEnd
MacBook Pro Speakers,BuiltInSpeakerDevice,1,323.445741,0.594989,0.059256,10.040980,0.654820,0.003844,0.064905,0.063337,0.184162,0,0.594502,0.595577,-0.594989,0.003844,24.445593,false,0,22035,10947,50688,0.539760,1.000000,0.120000,0.350000,none,2026-09-10 06:10:24.391,80293,1,318.4192823832199,0.12,80293-1,True,0,MacBook Pro Speakers,10111973485599,11168.666825,0,22035
JBL Go 5,74-68-59-E0-71-4C:output,1,461.976135,0.522097,0.190800,2.736362,0.592696,0.004078,0.006309,0.008347,0.032730,0,0.402591,0.621253,-0.522097,0.004078,5.174768,false,0,23571,81091,122368,0.456928,1.000000,0.120000,0.350000,none,2026-09-10 06:10:26.022,80293,1,456.95071837868466,0.12,80293-1,True,1,JBL Go 5,10112011659370,81312.620873,0,23571
MIDDLETON,68-59-32-EA-E5-67:output,1,303.649274,0.255490,0.059448,4.297738,0.365475,0.004011,0.005767,0.005811,0.021432,0,0.269518,0.241570,-0.255490,0.004011,3.186148,false,0,22547,152771,193024,0.153966,1.000000,0.120000,0.350000,none,2026-09-10 06:10:27.610,80293,1,298.62389937414986,0.12,80293-1,True,2,MIDDLETON,10112050669063,152992.619021,0,22547
MacBook Pro Speakers,BuiltInSpeakerDevice,2,323.446043,0.598191,0.060907,9.821366,0.657549,0.004494,0.064819,0.064450,0.190631,0,0.598088,0.598300,-0.598191,0.004494,23.156842,false,0,24083,222915,264704,0.543399,1.000000,0.120000,0.350000,none,2026-09-10 06:10:29.241,80293,1,318.4207933854873,0.12,80293-1,True,0,MacBook Pro Speakers,10112088842830,223136.613508,0,24083
JBL Go 5,74-68-59-E0-71-4C:output,2,461.781566,0.576722,0.054866,10.511517,0.639252,0.003599,0.008345,0.008071,0.033683,0,0.611384,0.541046,-0.576722,0.003599,7.162391,false,0,22547,295107,335360,0.519002,1.000000,0.120000,0.350000,none,2026-09-10 06:10:30.830,80293,1,456.75619037641775,0.12,80293-1,True,1,JBL Go 5,10112128131164,295328.619065,0,22547
MIDDLETON,68-59-32-EA-E5-67:output,2,302.974401,0.229550,0.052776,4.349480,0.343366,0.004106,0.005817,0.006060,0.024140,0,0.210183,0.248234,-0.229550,0.004106,3.206933,false,0,23059,365251,406016,0.124488,1.000000,0.120000,0.350000,"Correlation confidence is too low (confidence=0.34, peak=0.230, secondBest=0.053, prominence=4.35, offset=13361.2 samples).",2026-09-10 06:10:32.435,80293,1,297.94915038775457,0.12,80293-1,False,2,MIDDLETON,10112166304932,365472.613552,0,23059
MacBook Pro Speakers,BuiltInSpeakerDevice,3,323.445937,0.596530,0.061104,9.762558,0.656134,0.004526,0.061812,0.061926,0.166160,0,0.596704,0.596358,-0.596530,0.004526,22.714923,false,0,22547,436419,476672,0.541512,1.000000,0.120000,0.350000,none,2026-09-10 06:10:34.062,80293,1,318.4207283832198,0.12,80293-1,True,0,MacBook Pro Speakers,10112205035981,436640.611700,0,22547
JBL Go 5,74-68-59-E0-71-4C:output,3,461.562298,0.611681,0.058036,10.539725,0.669046,0.004687,0.008237,0.008125,0.031226,0,0.629680,0.593461,-0.611681,0.004687,4.837853,false,0,21523,507587,546816,0.558728,1.000000,0.120000,0.350000,none,2026-09-10 06:10:35.655,80293,1,456.5370063900228,0.12,80293-1,True,1,JBL Go 5,10112243767030,507808.615360,0,21523
MIDDLETON,68-59-32-EA-E5-67:output,3,302.270001,0.209948,0.055065,3.812738,0.326660,0.003968,0.005880,0.005669,0.023300,0,0.202106,0.218153,-0.209948,0.003968,3.259291,false,0,22035,577731,617472,0.102214,1.000000,0.120000,0.350000,"Correlation confidence is too low (confidence=0.33, peak=0.210, secondBest=0.055, prominence=3.81, offset=13330.1 samples).",2026-09-10 06:10:37.265,80293,1,297.24462637414985,0.12,80293-1,False,2,MIDDLETON,10112281940800,577952.619021,0,22035
MIDDLETON,68-59-32-EA-E5-67:output,4,302.037665,0.216981,0.052738,4.114291,0.332655,0.004282,0.005656,0.005679,0.024909,0,0.242848,0.191219,-0.216981,0.004282,2.434635,false,0,22547,649411,689664,0.110206,1.000000,0.120000,0.350000,"Correlation confidence is too low (confidence=0.33, peak=0.217, secondBest=0.053, prominence=4.11, offset=13319.9 samples).",2026-09-10 06:10:38.878,80293,1,297.01220638321945,0.12,80293-1,False,2,MIDDLETON,10112320950491,649632.622725,0,22547
MIDDLETON,68-59-32-EA-E5-67:output,5,301.817431,0.205474,0.054330,3.781986,0.322847,0.003929,0.006132,0.005563,0.022585,0,0.184658,0.228930,-0.205474,0.003929,3.463085,false,0,22547,720579,760832,0.097129,1.000000,0.120000,0.350000,"Correlation confidence is too low (confidence=0.32, peak=0.205, secondBest=0.054, prominence=3.78, offset=13310.1 samples).",2026-09-10 06:10:40.508,80293,1,296.79201437868466,0.12,80293-1,False,2,MIDDLETON,10112359681540,720800.620873,0,22547
MacBook Pro Speakers,BuiltInSpeakerDevice,1,323.447078,0.526869,0.058384,9.024164,0.596763,0.004023,0.116151,0.112922,0.342906,0,0.527020,0.526820,-0.526869,0.004023,29.088382,false,0,21531,10939,50176,0.462351,1.000000,0.120000,0.350000,none,2026-09-10 06:11:44.839,80293,2,318.426130494331,0.12,80293-2,True,0,MacBook Pro Speakers,10113904426436,11160.423785,0,21531
JBL Go 5,74-68-59-E0-71-4C:output,1,242.135440,0.114679,0.110319,1.039513,0.019757,0.003272,0.003817,0.006561,0.031832,0,0.001783,0.186605,0.114679,0.003272,4.298139,false,0,22555,80571,120832,0.000000,0.079027,0.120000,0.350000,"Correlation confidence is too low (confidence=0.02, peak=0.115, secondBest=0.110, prominence=1.04, offset=10678.2 samples).",2026-09-10 06:11:46.434,80293,2,237.11553349206335,0.12,80293-2,False,1,JBL Go 5,10113942321569,80792.377877,0,22555
MIDDLETON,68-59-32-EA-E5-67:output,1,304.370017,0.201592,0.055838,3.610319,0.319538,0.003778,0.005364,0.005437,0.020263,0,0.243865,0.159896,-0.201592,0.003778,3.102812,false,0,22043,151739,191488,0.092718,1.000000,0.120000,0.350000,"Correlation confidence is too low (confidence=0.32, peak=0.202, secondBest=0.056, prominence=3.61, offset=13422.7 samples).",2026-09-10 06:11:48.045,80293,2,299.3503194943309,0.12,80293-2,False,2,MIDDLETON,10113981052621,151960.368660,0,22043
MacBook Pro Speakers,BuiltInSpeakerDevice,2,323.446727,0.591866,0.062924,9.405981,0.652159,0.003851,0.064658,0.064178,0.184528,0,0.592201,0.591537,-0.591866,0.003851,24.469242,false,0,23579,222395,263680,0.536212,1.000000,0.120000,0.350000,none,2026-09-10 06:11:49.689,80293,2,318.42686248752824,0.12,80293-2,True,0,MacBook Pro Speakers,10114019505036,222616.376025,0,23579
JBL Go 5,74-68-59-E0-71-4C:output,2,459.414957,0.563430,0.054996,10.244884,0.627923,0.003632,0.009012,0.009073,0.036587,0,0.563491,0.563376,-0.563430,0.003632,7.923842,false,0,23067,294587,335360,0.503898,1.000000,0.120000,0.350000,none,2026-09-10 06:11:51.305,80293,2,454.3953424875286,0.12,80293-2,True,1,JBL Go 5,10114058793368,294808.365000,0,23067
MIDDLETON,68-59-32-EA-E5-67:output,2,303.670966,0.195022,0.067533,2.887813,0.313939,0.004148,0.005520,0.005169,0.019195,0,0.225231,0.162978,-0.195022,0.004148,2.205052,false,0,23579,365755,407040,0.085252,1.000000,0.120000,0.350000,"Correlation confidence is too low (confidence=0.31, peak=0.195, secondBest=0.068, prominence=2.89, offset=13391.9 samples).",2026-09-10 06:11:52.943,80293,2,298.6513104897955,0.12,80293-2,False,2,MIDDLETON,10114097524420,365976.366808,0,23579
MacBook Pro Speakers,BuiltInSpeakerDevice,3,323.447107,0.593312,0.062937,9.427130,0.653391,0.003827,0.062858,0.062791,0.161653,0,0.593418,0.593206,-0.593312,0.003827,24.306003,false,0,22555,438459,478720,0.537854,1.000000,0.120000,0.350000,none,2026-09-10 06:11:54.552,80293,2,318.42740849659816,0.12,80293-2,True,0,MacBook Pro Speakers,10114137091395,438680.368704,0,22555
JBL Go 5,74-68-59-E0-71-4C:output,3,459.408293,0.575190,0.055998,10.271532,0.637946,0.004628,0.009078,0.008988,0.033279,0,0.575402,0.574990,-0.575190,0.004628,5.808334,false,0,22043,509115,548864,0.517261,1.000000,0.120000,0.350000,none,2026-09-10 06:11:56.144,80293,2,454.38851247845867,0.12,80293-2,True,1,JBL Go 5,10114175543806,509336.372321,0,22043
MIDDLETON,68-59-32-EA-E5-67:output,3,302.940830,0.184592,0.061217,3.015352,0.305050,0.004194,0.005175,0.005606,0.021974,0,0.257551,0.117521,-0.184592,0.004194,2.185625,false,0,23579,579259,620544,0.073400,1.000000,0.120000,0.350000,"Correlation confidence is too low (confidence=0.31, peak=0.185, secondBest=0.061, prominence=3.02, offset=13359.7 samples).",2026-09-10 06:11:57.779,80293,2,297.92096548752824,0.12,80293-2,False,2,MIDDLETON,10114213717577,579480.376025,0,23579
JBL Go 5,74-68-59-E0-71-4C:output,4,459.366611,0.566316,0.055556,10.193685,0.630383,0.003972,0.009130,0.009289,0.038408,0,0.568301,0.564407,-0.566316,0.003972,7.303781,false,0,23067,651963,692736,0.507177,1.000000,0.120000,0.350000,none,2026-09-10 06:11:59.405,80293,2,454.3467464875282,0.12,80293-2,True,1,JBL Go 5,10114253284552,652184.376025,0,23067
MIDDLETON,68-59-32-EA-E5-67:output,4,302.453168,0.188606,0.066085,2.853977,0.308471,0.003755,0.005450,0.005706,0.021684,0,0.175293,0.201419,-0.188606,0.003755,3.439923,false,0,23067,723131,763904,0.077961,1.000000,0.120000,0.350000,"Correlation confidence is too low (confidence=0.31, peak=0.189, secondBest=0.066, prominence=2.85, offset=13338.2 samples).",2026-09-10 06:12:01.038,80293,2,297.43338648072654,0.12,80293-2,False,2,MIDDLETON,10114292015603,723352.372365,0,23067
MIDDLETON,68-59-32-EA-E5-67:output,5,302.216635,0.168588,0.056547,2.981353,0.291410,0.004113,0.005447,0.005507,0.025032,0,0.228768,0.109059,-0.168588,0.004113,2.486947,false,0,24603,795835,838144,0.055213,1.000000,0.120000,0.350000,"Correlation confidence is too low (confidence=0.29, peak=0.169, secondBest=0.057, prominence=2.98, offset=13327.8 samples).",2026-09-10 06:12:02.703,80293,2,297.1967704875282,0.12,80293-2,False,2,MIDDLETON,10114331582578,796056.376025,0,24603
MacBook Pro Speakers,BuiltInSpeakerDevice,1,323.528968,0.578192,0.062417,9.263432,0.640505,0.004383,0.065824,0.063714,0.186555,0,0.578604,0.577922,0.578192,0.004383,23.393692,false,0,24086,10944,52736,0.520673,1.000000,0.120000,0.350000,none,2026-09-10 06:14:35.378,81929,1,318.50548217233563,0.18,81929-1,True,0,MacBook Pro Speakers,10117995896015,11165.535725,0,24086
JBL Go 5,74-68-59-E0-71-4C:output,1,373.129462,0.075814,0.075360,1.006023,0.003012,0.004517,0.004689,0.008409,0.032991,0,0.000204,0.122648,0.075814,0.004517,3.562894,false,0,23062,83136,123904,0.000000,0.012047,0.120000,0.350000,"Correlation confidence is too low (confidence=0.00, peak=0.076, secondBest=0.075, prominence=1.01, offset=16455.0 samples).",2026-09-10 06:14:36.993,81929,1,368.1072261723357,0.18,81929-1,False,1,JBL Go 5,10118035184349,83357.480600,0,23062
MIDDLETON,68-59-32-EA-E5-67:output,1,314.706049,0.097581,0.085923,1.135683,0.067841,0.003660,0.005369,0.005484,0.022791,0,0.065504,0.129001,0.097581,0.003660,3.420855,false,0,22038,155328,195072,0.000000,0.271366,0.120000,0.350000,"Correlation confidence is too low (confidence=0.07, peak=0.098, secondBest=0.086, prominence=1.14, offset=13878.5 samples).",2026-09-10 06:14:38.592,81929,1,309.68381317233536,0.18,81929-1,False,2,MIDDLETON,10118074472682,155549.480600,0,22038
MacBook Pro Speakers,BuiltInSpeakerDevice,2,323.528959,0.576932,0.062536,9.225660,0.639431,0.003533,0.064838,0.064388,0.187570,0,0.576435,0.577440,0.576932,0.003533,25.244491,false,0,22038,225472,265216,0.519241,1.000000,0.120000,0.350000,none,2026-09-10 06:14:40.190,81929,1,318.50676516780055,0.18,81929-1,True,0,MacBook Pro Speakers,10118112646453,225693.478748,0,22038
JBL Go 5,74-68-59-E0-71-4C:output,2,470.232235,0.562118,0.053631,10.481287,0.626805,0.003595,0.009129,0.008939,0.033282,0,0.557587,0.566808,-0.562118,0.003595,8.003277,false,0,22038,295616,335360,0.502407,1.000000,0.120000,0.350000,none,2026-09-10 06:14:41.775,81929,1,465.20995717687015,0.18,81929-1,True,1,JBL Go 5,10118150820225,295837.482452,0,22038
MIDDLETON,68-59-32-EA-E5-67:output,2,314.015988,0.099069,0.072050,1.375007,0.187504,0.003619,0.005548,0.005451,0.024223,0,0.090152,0.108153,0.099069,0.003619,3.635763,false,0,22550,365760,406016,0.000000,0.750014,0.120000,0.350000,"Correlation confidence is too low (confidence=0.19, peak=0.099, secondBest=0.072, prominence=1.38, offset=13848.1 samples).",2026-09-10 06:14:43.396,81929,1,308.99379416780056,0.18,81929-1,False,2,MIDDLETON,10118188993991,365981.478748,0,22550
MacBook Pro Speakers,BuiltInSpeakerDevice,3,323.529133,0.578045,0.061916,9.336013,0.640379,0.003865,0.062293,0.062550,0.163771,0,0.577315,0.578775,0.578045,0.003865,24.162958,false,0,22038,437440,477184,0.520506,1.000000,0.120000,0.350000,none,2026-09-10 06:14:44.991,81929,1,318.50689717233536,0.18,81929-1,True,0,MacBook Pro Speakers,10118228003685,437661.480600,0,22038
JBL Go 5,74-68-59-E0-71-4C:output,3,470.229168,0.561353,0.058113,9.659738,0.626153,0.004119,0.009091,0.009060,0.034956,0,0.559074,0.563642,-0.561353,0.004119,6.861976,false,0,22550,507584,547840,0.501538,1.000000,0.120000,0.350000,none,2026-09-10 06:14:46.595,81929,1,465.20693217233537,0.18,81929-1,True,1,JBL Go 5,10118266177455,507805.480600,0,22550
MIDDLETON,68-59-32-EA-E5-67:output,3,311.499816,0.094724,0.076218,1.242804,0.121402,0.003676,0.005521,0.005601,0.021798,0,0.104806,0.084790,0.094724,0.003676,3.595010,false,0,21526,578240,617472,0.000000,0.485608,0.120000,0.350000,"Correlation confidence is too low (confidence=0.12, peak=0.095, secondBest=0.076, prominence=1.24, offset=13737.1 samples).",2026-09-10 06:14:48.195,81929,1,306.47758017233537,0.18,81929-1,False,2,MIDDLETON,10118304629863,578461.480600,0,21526
JBL Go 5,74-68-59-E0-71-4C:output,4,470.227992,0.560772,0.057169,9.809036,0.625658,0.003472,0.008996,0.009115,0.032172,0,0.561621,0.559957,-0.560772,0.003472,8.327414,false,0,24086,648896,690688,0.500877,1.000000,0.120000,0.350000,none,2026-09-10 06:14:49.845,81929,1,465.2057971700685,0.18,81929-1,True,1,JBL Go 5,10118343082275,649117.478792,0,24086
MIDDLETON,68-59-32-EA-E5-67:output,4,94.147523,0.093763,0.092556,1.013049,0.006524,0.003848,0.004034,0.005354,0.021643,0,0.000726,0.165480,0.093763,0.003848,1.812058,false,0,23062,721600,762368,0.000000,0.026098,0.120000,0.350000,"Correlation confidence is too low (confidence=0.01, peak=0.094, secondBest=0.093, prominence=1.01, offset=4151.9 samples).",2026-09-10 06:14:51.467,81929,1,89.12528717233539,0.18,81929-1,False,2,MIDDLETON,10118382649246,721821.480600,0,23062
MIDDLETON,68-59-32-EA-E5-67:output,5,309.920926,0.085591,0.085370,1.002585,0.001293,0.004295,0.005388,0.005400,0.018839,0,0.055270,0.115845,0.085591,0.004295,1.978572,false,0,24086,793280,835072,0.000000,0.005170,0.120000,0.350000,"Correlation confidence is too low (confidence=0.00, peak=0.086, secondBest=0.085, prominence=1.00, offset=13667.5 samples).",2026-09-10 06:14:53.120,81929,1,304.89864817687015,0.18,81929-1,False,2,MIDDLETON,10118421658937,793501.482452,0,24086
MacBook Pro Speakers,BuiltInSpeakerDevice,1,323.522611,0.592546,0.061446,9.643346,0.652738,0.001138,0.064984,0.063277,0.182978,0,0.592285,0.592920,0.592546,0.001138,35.017402,false,0,22043,10939,50688,0.536984,1.000000,0.120000,0.350000,none,2026-09-10 06:17:07.057,82930,1,318.5072044920635,0.25,82930-1,True,0,MacBook Pro Speakers,10121637159434,11160.179427,0,22043
JBL Go 5,74-68-59-E0-71-4C:output,1,465.314719,0.517331,0.242102,2.136831,0.588634,0.000769,0.005276,0.008046,0.027052,0,0.409343,0.606470,-0.517331,0.000769,18.936523,false,0,22043,81595,121344,0.451512,1.000000,0.120000,0.350000,none,2026-09-10 06:17:08.638,82930,1,460.30035448752847,0.25,82930-1,True,1,JBL Go 5,10121675611854,81816.133475,0,22043
MIDDLETON,68-59-32-EA-E5-67:output,1,308.766986,0.169649,0.103296,1.642364,0.292315,0.000644,0.003795,0.003808,0.014783,0,0.294443,0.045279,-0.169649,0.000644,15.421443,false,0,23067,151227,192000,0.056420,1.000000,0.120000,0.350000,"Correlation confidence is too low (confidence=0.29, peak=0.170, secondBest=0.103, prominence=1.64, offset=13616.6 samples).",2026-09-10 06:17:10.256,82930,1,303.7527464761903,0.25,82930-1,False,2,MIDDLETON,10121713506989,151448.127963,0,23067
MacBook Pro Speakers,BuiltInSpeakerDevice,2,323.446132,0.591921,0.062287,9.503085,0.652205,0.000827,0.065237,0.064585,0.179533,0,0.592167,0.591687,-0.591921,0.000827,37.894957,false,0,24091,223419,265216,0.536273,1.000000,0.120000,0.350000,none,2026-09-10 06:17:11.918,82930,1,318.4318924761903,0.25,82930-1,True,0,MacBook Pro Speakers,10121752795327,223640.127963,0,24091
JBL Go 5,74-68-59-E0-71-4C:output,2,465.114477,0.561685,0.069304,8.104716,0.626436,0.000685,0.008061,0.008052,0.026829,0,0.603201,0.520122,-0.561685,0.000685,21.403187,false,0,23067,296123,336896,0.501915,1.000000,0.120000,0.350000,none,2026-09-10 06:17:13.543,82930,1,460.1002374988656,0.25,82930-1,True,1,JBL Go 5,10121792362308,296344.127962,0,23067
MIDDLETON,68-59-32-EA-E5-67:output,2,308.031958,0.151735,0.113138,1.341149,0.197621,0.000894,0.003814,0.003826,0.013478,0,0.128097,0.175300,0.151735,0.000894,12.614736,false,0,24091,367803,409600,0.036062,0.682298,0.120000,0.350000,"Correlation confidence is too low (confidence=0.20, peak=0.152, secondBest=0.113, prominence=1.34, offset=13584.2 samples).",2026-09-10 06:17:15.204,82930,1,303.0177604943308,0.25,82930-1,False,2,MIDDLETON,10121831372003,368024.126110,0,24091
MacBook Pro Speakers,BuiltInSpeakerDevice,3,323.446133,0.591878,0.062300,9.500525,0.652169,0.000809,0.062074,0.062085,0.161131,0,0.592118,0.591639,-0.591878,0.000809,37.698996,false,0,23579,441531,482816,0.536225,1.000000,0.120000,0.350000,none,2026-09-10 06:17:16.843,82930,1,318.432060482993,0.25,82930-1,True,0,MacBook Pro Speakers,10121871496261,441752.120598,0,23579
JBL Go 5,74-68-59-E0-71-4C:output,3,464.901168,0.599885,0.069705,8.606002,0.658993,0.000821,0.008037,0.008013,0.027531,0,0.586822,0.612989,-0.599885,0.000821,19.805325,false,0,21531,513211,552448,0.545323,1.000000,0.120000,0.350000,none,2026-09-10 06:17:18.442,82930,1,459.8869704943308,0.25,82930-1,True,1,JBL Go 5,10121910505960,513432.126110,0,21531
MIDDLETON,68-59-32-EA-E5-67:output,3,306.390507,0.173832,0.094193,1.845491,0.295879,0.000820,0.003898,0.003868,0.014969,0,0.261908,0.085079,-0.173832,0.000820,13.503492,false,0,22555,583867,624128,0.061172,1.000000,0.120000,0.350000,"Correlation confidence is too low (confidence=0.30, peak=0.174, secondBest=0.094, prominence=1.85, offset=13511.8 samples).",2026-09-10 06:17:20.052,82930,1,301.3762674988669,0.25,82930-1,False,2,MIDDLETON,10121948958375,584088.127962,0,22555
MIDDLETON,68-59-32-EA-E5-67:output,4,306.013778,0.165792,0.093564,1.771958,0.289028,0.000706,0.003856,0.003928,0.013745,0,0.165481,0.166112,-0.165792,0.000706,14.821367,false,0,21531,655035,694272,0.052037,1.000000,0.120000,0.350000,"Correlation confidence is too low (confidence=0.29, peak=0.166, secondBest=0.094, prominence=1.77, offset=13495.2 samples).",2026-09-10 06:17:21.662,82930,1,300.9995384988669,0.25,82930-1,False,2,MIDDLETON,10121987689430,655256.127962,0,21531
MIDDLETON,68-59-32-EA-E5-67:output,5,305.638206,0.163159,0.098576,1.655160,0.286784,0.000909,0.003857,0.003868,0.014074,0,0.290031,0.036644,-0.163159,0.000909,12.563910,false,0,22043,726203,765952,0.049045,1.000000,0.120000,0.350000,"Correlation confidence is too low (confidence=0.29, peak=0.163, secondBest=0.099, prominence=1.66, offset=13478.6 samples).",2026-09-10 06:17:23.282,82930,1,300.62396649886693,0.25,82930-1,False,2,MIDDLETON,10122026420485,726424.127962,0,22043
MacBook Pro Speakers,BuiltInSpeakerDevice,1,323.454292,0.546339,0.063282,8.633406,0.613357,0.001210,0.020490,0.020671,0.058731,0,0.546924,0.545769,-0.546339,0.001210,24.610045,false,0,24699,10843,53248,0.484476,1.000000,0.120000,0.350000,none,2026-09-10 13:26:19.537,82930,2,318.42639073015874,0.25,82930-2,True,0,MacBook Pro Speakers,10277926444195,11064.730446,0,24699
JBL Go 5,74-68-59-E0-71-4C:output,1,472.752792,0.475169,0.248291,1.913763,0.552701,0.000307,0.001165,0.001921,0.006933,0,0.347621,0.575103,-0.475169,0.000307,14.277337,false,0,24187,82011,123904,0.403601,1.000000,0.120000,0.350000,none,2026-09-10 13:26:21.149,82930,2,467.7260567392289,0.25,82930-2,True,1,JBL Go 5,10277965175266,82232.679025,0,24187
MIDDLETON,68-59-32-EA-E5-67:output,1,330.961623,0.124372,0.088982,1.397720,0.202586,0.000320,0.000942,0.001003,0.011960,0,0.143281,0.106723,0.124372,0.000320,9.656764,false,0,24187,153179,195072,0.004969,0.795440,0.120000,0.350000,"Correlation confidence is too low (confidence=0.20, peak=0.124, secondBest=0.089, prominence=1.40, offset=14595.4 samples).",2026-09-10 13:26:22.761,82930,2,325.93484674149676,0.25,82930-2,False,2,MIDDLETON,10278003906334,153400.680833,0,24187
MacBook Pro Speakers,BuiltInSpeakerDevice,2,323.536612,0.613562,0.060171,10.196948,0.670649,0.000877,0.022602,0.022698,0.058360,0,0.613846,0.613281,0.613562,0.000877,28.240966,false,0,21627,224859,264192,0.560865,1.000000,0.120000,0.350000,none,2026-09-10 13:26:24.318,82930,2,318.50983474376403,0.25,82930-2,True,0,MacBook Pro Speakers,10278042916040,225080.680877,0,21627
JBL Go 5,74-68-59-E0-71-4C:output,2,472.429333,0.543594,0.065882,8.251028,0.611017,0.000365,0.024201,0.024187,0.085271,0,0.538313,0.548878,-0.543594,0.000365,36.436558,false,0,22651,292955,333312,0.481356,1.000000,0.120000,0.350000,none,2026-09-10 13:26:25.897,82930,2,467.40255574376465,0.25,82930-2,True,1,JBL Go 5,10278079975263,293176.680877,0,22651
MIDDLETON,68-59-32-EA-E5-67:output,2,543.671202,0.119639,0.096537,1.239301,0.119651,0.000784,0.000813,0.000366,0.003315,0,0.183277,0.005135,0.119639,0.000784,-1.899996,false,0,24187,362587,404480,0.000000,0.478603,0.120000,0.350000,"Correlation confidence is too low (confidence=0.12, peak=0.120, secondBest=0.097, prominence=1.24, offset=23975.9 samples).",2026-09-10 13:26:27.520,82930,2,538.6443417278917,0.25,82930-2,False,2,MIDDLETON,10278117870409,362808.684538,0,24187
MacBook Pro Speakers,BuiltInSpeakerDevice,3,323.536596,0.613088,0.060096,10.201759,0.670245,0.000378,0.023526,0.023663,0.060404,0,0.613231,0.612951,0.613088,0.000378,35.899742,false,0,24187,434779,476672,0.560327,1.000000,0.120000,0.350000,none,2026-09-10 13:26:29.150,82930,2,318.50994473015896,0.25,82930-2,True,0,MacBook Pro Speakers,10278157158754,435000.675321,0,24187
JBL Go 5,74-68-59-E0-71-4C:output,3,472.017631,0.524643,0.070551,7.436352,0.594866,0.000617,0.024303,0.024206,0.083759,0,0.544029,0.505181,-0.524643,0.000617,31.894956,false,0,23675,505947,547328,0.459822,1.000000,0.120000,0.350000,none,2026-09-10 13:26:30.762,82930,2,466.9910627460319,0.25,82930-2,True,1,JBL Go 5,10278195889819,506168.671660,0,23675
MIDDLETON,68-59-32-EA-E5-67:output,3,326.183565,0.134892,0.093886,1.436765,0.231075,0.000537,0.001701,0.001684,0.007425,0,0.184714,0.084559,-0.134892,0.000537,9.968941,false,0,22651,577115,617472,0.016923,0.873531,0.120000,0.350000,"Correlation confidence is too low (confidence=0.23, peak=0.135, secondBest=0.094, prominence=1.44, offset=14384.7 samples).",2026-09-10 13:26:32.357,82930,2,321.15691373015767,0.25,82930-2,False,2,MIDDLETON,10278234620887,577336.675321,0,22651
MIDDLETON,68-59-32-EA-E5-67:output,4,325.368956,0.132469,0.092731,1.428531,0.224892,0.000430,0.002526,0.002570,0.010092,0,0.159481,0.105926,-0.132469,0.000430,15.447225,false,0,23675,647771,689152,0.014169,0.857062,0.120000,0.350000,"Correlation confidence is too low (confidence=0.22, peak=0.132, secondBest=0.093, prominence=1.43, offset=14348.8 samples).",2026-09-10 13:26:33.972,82930,2,320.3421787437647,0.25,82930-2,False,2,MIDDLETON,10278273073313,647992.680877,0,23675
MIDDLETON,68-59-32-EA-E5-67:output,5,108.047308,0.156866,0.136738,1.147203,0.105022,0.000461,0.000628,0.002972,0.013024,0,0.002471,0.226230,0.156866,0.000461,13.373892,false,0,22139,718939,758784,0.041894,0.294406,0.120000,0.350000,"Correlation confidence is too low (confidence=0.11, peak=0.157, secondBest=0.137, prominence=1.15, offset=4764.9 samples).",2026-09-10 13:26:35.559,82930,2,103.0207387482998,0.25,82930-2,False,2,MIDDLETON,10278311804376,719160.671704,0,22139
MacBook Pro Speakers,BuiltInSpeakerDevice,1,323.529395,0.584139,0.062546,9.339419,0.645573,0.001208,0.070512,0.068344,0.202352,0,0.584275,0.584143,0.584139,0.001208,35.192715,false,0,21928,11054,50688,0.527431,1.000000,0.120000,0.350000,none,2026-09-10 13:27:12.071,82930,3,318.5023652494331,0.25,82930-3,True,0,MacBook Pro Speakers,10279188414894,11275.692012,0,21928
JBL Go 5,74-68-59-E0-71-4C:output,1,248.121669,0.149517,0.124443,1.201488,0.125900,0.000520,0.001019,0.066784,0.351933,0,0.003051,0.211525,0.149517,0.000520,39.156371,false,0,23976,80174,121856,0.033542,0.402975,0.120000,0.350000,"Correlation confidence is too low (confidence=0.13, peak=0.150, secondBest=0.124, prominence=1.20, offset=10942.2 samples).",2026-09-10 13:27:13.697,82930,3,243.09572324036284,0.25,82930-3,False,1,JBL Go 5,10279226031403,80395.644208,0,23976
MIDDLETON,68-59-32-EA-E5-67:output,1,82.512387,0.135491,0.126816,1.068405,0.047405,0.000475,0.000536,0.016874,0.072441,0,0.000559,0.191732,-0.135491,0.000475,27.998543,false,0,23976,152366,194048,0.017603,0.136809,0.120000,0.350000,"Correlation confidence is too low (confidence=0.05, peak=0.135, secondBest=0.127, prominence=1.07, offset=3638.8 samples).",2026-09-10 13:27:15.342,82930,3,77.48664924489765,0.25,82930-3,False,2,MIDDLETON,10279265319751,152587.635035,0,23976
MacBook Pro Speakers,BuiltInSpeakerDevice,2,323.529556,0.584494,0.062177,9.400433,0.645876,0.000469,0.070065,0.069183,0.225547,0,0.584483,0.584528,0.584494,0.000469,43.438204,false,0,21928,225070,264704,0.527834,1.000000,0.120000,0.350000,none,2026-09-10 13:27:16.943,82930,3,318.5038592426301,0.25,82930-3,True,0,MacBook Pro Speakers,10279304886743,225291.633227,0,21928
JBL Go 5,74-68-59-E0-71-4C:output,2,466.592583,0.547083,0.063846,8.568801,0.613991,0.000473,0.101809,0.101775,0.345430,0,0.548603,0.545562,-0.547083,0.000473,46.656099,false,0,23464,295214,336384,0.485321,1.000000,0.120000,0.350000,none,2026-09-10 13:27:18.559,82930,3,461.5669282380953,0.25,82930-3,True,1,JBL Go 5,10279343060530,295435.631375,0,23464
MIDDLETON,68-59-32-EA-E5-67:output,2,295.474932,0.187709,0.091483,2.051850,0.307707,0.000369,0.016973,0.016921,0.067087,0,0.130577,0.245018,-0.187709,0.000369,33.235058,false,0,23976,366382,408064,0.076942,1.000000,0.120000,0.350000,"Correlation confidence is too low (confidence=0.31, peak=0.188, secondBest=0.091, prominence=2.05, offset=13030.4 samples).",2026-09-10 13:27:20.194,82930,3,290.4492352426301,0.25,82930-3,False,2,MIDDLETON,10279381791600,366603.633227,0,23976
MacBook Pro Speakers,BuiltInSpeakerDevice,3,323.529501,0.583661,0.061775,9.448126,0.645165,0.000385,0.066606,0.066723,0.186062,0,0.583953,0.583369,0.583661,0.000385,44.763593,false,0,21928,439086,478720,0.526887,1.000000,0.120000,0.350000,none,2026-09-10 13:27:21.783,82930,3,318.50380424263005,0.25,82930-3,True,0,MacBook Pro Speakers,10279421358590,439307.633227,0,21928
JBL Go 5,74-68-59-E0-71-4C:output,3,466.577662,0.563382,0.064666,8.712186,0.627882,0.000361,0.102096,0.102066,0.347550,0,0.564085,0.562679,-0.563382,0.000361,49.023105,false,0,22952,508718,549376,0.503843,1.000000,0.120000,0.350000,none,2026-09-10 13:27:23.386,82930,3,461.55171524262977,0.25,82930-3,True,1,JBL Go 5,10279459253739,508939.644252,0,22952
MIDDLETON,68-59-32-EA-E5-67:output,3,223.264214,0.147366,0.094544,1.558707,0.273324,0.000367,0.016838,0.016825,0.065812,0,0.164164,0.130555,0.147366,0.000367,33.241021,false,0,23464,579374,620544,0.031098,1.000000,0.120000,0.350000,"Correlation confidence is too low (confidence=0.27, peak=0.147, secondBest=0.095, prominence=1.56, offset=9846.0 samples).",2026-09-10 13:27:24.996,82930,3,218.238476244897,0.25,82930-3,False,2,MIDDLETON,10279497706163,579595.635035,0,23464
JBL Go 5,74-68-59-E0-71-4C:output,4,466.467869,0.551653,0.065692,8.397618,0.617886,0.000275,0.102107,0.101947,0.334386,0,0.541487,0.561836,-0.551653,0.000275,51.374562,false,0,23976,650542,692224,0.490515,1.000000,0.120000,0.350000,none,2026-09-10 13:27:26.624,82930,3,461.4421732403622,0.25,82930-3,True,1,JBL Go 5,10279536437230,650763.633183,0,23976
MIDDLETON,68-59-32-EA-E5-67:output,4,405.428878,0.244165,0.099892,2.444284,0.355822,0.000323,0.016932,0.016895,0.069011,0,0.199818,0.288613,-0.244165,0.000323,34.379033,false,0,21928,721710,761344,0.141096,1.000000,0.120000,0.350000,none,2026-09-10 13:27:28.195,82930,3,400.40318124263007,0.25,82930-3,True,2,MIDDLETON,10279575168297,721931.633227,0,21928
MIDDLETON,68-59-32-EA-E5-67:output,5,188.984072,0.140332,0.084881,1.653277,0.267328,0.000314,0.000287,0.016871,0.070771,0,0.000581,0.198483,0.140332,0.000314,31.601951,false,0,24488,791342,833536,0.023104,1.000000,0.120000,0.350000,"Correlation confidence is too low (confidence=0.27, peak=0.140, secondBest=0.085, prominence=1.65, offset=8334.2 samples).",2026-09-10 13:27:29.833,82930,3,183.9583332471649,0.25,82930-3,False,2,MIDDLETON,10279613063445,791563.635079,0,24488
